severity,dist_Fink_etal_2006,dist_wisqars_2025,cost_Fink_etal_2006_qol,cost_wisqars_2025
non-hospitalized,0.962586415,0.84478852,85297.08,88043.2
hospitalized,0.037413585,0.15521148,247319.72,234907.68
